7302	0	OrderCompanionCommand { Actor = chr_01M38T7T6BJWKPVBVAKQ8SGW58, NpcId = npc.ashen_hollow.tavar_orr, Order = Wait }
7303	1	MoveCommand { Actor = chr_01M38T7T6BJWKPVBVAKQ8SGW58, Intent = MoveIntent { DirXPermille = 992, DirZPermille = -129, Gait = Run, FacingMdeg = 97413, IsMoving = True } }
7313	2	MoveCommand { Actor = chr_01M38T7T6BJWKPVBVAKQ8SGW58, Intent = MoveIntent { DirXPermille = 992, DirZPermille = -128, Gait = Run, FacingMdeg = 97379, IsMoving = True } }
7314	3	MoveCommand { Actor = chr_01M38T7T6BJWKPVBVAKQ8SGW58, Intent = MoveIntent { DirXPermille = 992, DirZPermille = -129, Gait = Run, FacingMdeg = 97385, IsMoving = True } }
7315	4	MoveCommand { Actor = chr_01M38T7T6BJWKPVBVAKQ8SGW58, Intent = MoveIntent { DirXPermille = 992, DirZPermille = -128, Gait = Run, FacingMdeg = 97381, IsMoving = True } }
7316	5	MoveCommand { Actor = chr_01M38T7T6BJWKPVBVAKQ8SGW58, Intent = MoveIntent { DirXPermille = 992, DirZPermille = -129, Gait = Run, FacingMdeg = 97388, IsMoving = True } }
7318	6	MoveCommand { Actor = chr_01M38T7T6BJWKPVBVAKQ8SGW58, Intent = MoveIntent { DirXPermille = 992, DirZPermille = -128, Gait = Run, FacingMdeg = 97378, IsMoving = True } }
7319	7	MoveCommand { Actor = chr_01M38T7T6BJWKPVBVAKQ8SGW58, Intent = MoveIntent { DirXPermille = 992, DirZPermille = -129, Gait = Run, FacingMdeg = 97386, IsMoving = True } }
7320	8	MoveCommand { Actor = chr_01M38T7T6BJWKPVBVAKQ8SGW58, Intent = MoveIntent { DirXPermille = 992, DirZPermille = -128, Gait = Run, FacingMdeg = 97381, IsMoving = True } }
7321	9	MoveCommand { Actor = chr_01M38T7T6BJWKPVBVAKQ8SGW58, Intent = MoveIntent { DirXPermille = 992, DirZPermille = -129, Gait = Run, FacingMdeg = 97389, IsMoving = True } }
7323	10	MoveCommand { Actor = chr_01M38T7T6BJWKPVBVAKQ8SGW58, Intent = MoveIntent { DirXPermille = 992, DirZPermille = -128, Gait = Run, FacingMdeg = 97377, IsMoving = True } }
7324	11	MoveCommand { Actor = chr_01M38T7T6BJWKPVBVAKQ8SGW58, Intent = MoveIntent { DirXPermille = 992, DirZPermille = -129, Gait = Run, FacingMdeg = 97387, IsMoving = True } }
7325	12	MoveCommand { Actor = chr_01M38T7T6BJWKPVBVAKQ8SGW58, Intent = MoveIntent { DirXPermille = 992, DirZPermille = -128, Gait = Run, FacingMdeg = 97380, IsMoving = True } }
7326	13	MoveCommand { Actor = chr_01M38T7T6BJWKPVBVAKQ8SGW58, Intent = MoveIntent { DirXPermille = 992, DirZPermille = -129, Gait = Run, FacingMdeg = 97391, IsMoving = True } }
7328	14	MoveCommand { Actor = chr_01M38T7T6BJWKPVBVAKQ8SGW58, Intent = MoveIntent { DirXPermille = 992, DirZPermille = -128, Gait = Run, FacingMdeg = 97376, IsMoving = True } }
7329	15	MoveCommand { Actor = chr_01M38T7T6BJWKPVBVAKQ8SGW58, Intent = MoveIntent { DirXPermille = 992, DirZPermille = -129, Gait = Run, FacingMdeg = 97388, IsMoving = True } }
7330	16	MoveCommand { Actor = chr_01M38T7T6BJWKPVBVAKQ8SGW58, Intent = MoveIntent { DirXPermille = 992, DirZPermille = -128, Gait = Run, FacingMdeg = 97380, IsMoving = True } }
7331	17	MoveCommand { Actor = chr_01M38T7T6BJWKPVBVAKQ8SGW58, Intent = MoveIntent { DirXPermille = 992, DirZPermille = -129, Gait = Run, FacingMdeg = 97394, IsMoving = True } }
7333	18	MoveCommand { Actor = chr_01M38T7T6BJWKPVBVAKQ8SGW58, Intent = MoveIntent { DirXPermille = 992, DirZPermille = -128, Gait = Run, FacingMdeg = 97373, IsMoving = True } }
7334	19	MoveCommand { Actor = chr_01M38T7T6BJWKPVBVAKQ8SGW58, Intent = MoveIntent { DirXPermille = 992, DirZPermille = -129, Gait = Run, FacingMdeg = 97391, IsMoving = True } }
7335	20	MoveCommand { Actor = chr_01M38T7T6BJWKPVBVAKQ8SGW58, Intent = MoveIntent { DirXPermille = 992, DirZPermille = -128, Gait = Run, FacingMdeg = 97379, IsMoving = True } }
7336	21	MoveCommand { Actor = chr_01M38T7T6BJWKPVBVAKQ8SGW58, Intent = MoveIntent { DirXPermille = 992, DirZPermille = -129, Gait = Run, FacingMdeg = 97401, IsMoving = True } }
7338	22	MoveCommand { Actor = chr_01M38T7T6BJWKPVBVAKQ8SGW58, Intent = MoveIntent { DirXPermille = 992, DirZPermille = -128, Gait = Run, FacingMdeg = 97368, IsMoving = True } }
7339	23	MoveCommand { Actor = chr_01M38T7T6BJWKPVBVAKQ8SGW58, Intent = MoveIntent { DirXPermille = 992, DirZPermille = -129, Gait = Run, FacingMdeg = 97398, IsMoving = True } }
7340	24	MoveCommand { Actor = chr_01M38T7T6BJWKPVBVAKQ8SGW58, Intent = MoveIntent { DirXPermille = 992, DirZPermille = -128, Gait = Run, FacingMdeg = 97375, IsMoving = True } }
7341	25	MoveCommand { Actor = chr_01M38T7T6BJWKPVBVAKQ8SGW58, Intent = MoveIntent { DirXPermille = 992, DirZPermille = -129, Gait = Run, FacingMdeg = 97421, IsMoving = True } }
7344	26	MoveCommand { Actor = chr_01M38T7T6BJWKPVBVAKQ8SGW58, Intent = MoveIntent { DirXPermille = 943, DirZPermille = 333, Gait = Run, FacingMdeg = 70542, IsMoving = True } }
7357	27	MoveCommand { Actor = chr_01M38T7T6BJWKPVBVAKQ8SGW58, Intent = MoveIntent { DirXPermille = 943, DirZPermille = 334, Gait = Run, FacingMdeg = 70517, IsMoving = True } }
7371	28	MoveCommand { Actor = chr_01M38T7T6BJWKPVBVAKQ8SGW58, Intent = MoveIntent { DirXPermille = 942, DirZPermille = 334, Gait = Run, FacingMdeg = 70475, IsMoving = True } }
7375	29	MoveCommand { Actor = chr_01M38T7T6BJWKPVBVAKQ8SGW58, Intent = MoveIntent { DirXPermille = 941, DirZPermille = 337, Gait = Run, FacingMdeg = 70280, IsMoving = True } }
7376	30	MoveCommand { Actor = chr_01M38T7T6BJWKPVBVAKQ8SGW58, Intent = MoveIntent { DirXPermille = 939, DirZPermille = 344, Gait = Run, FacingMdeg = 69852, IsMoving = True } }
7377	31	MoveCommand { Actor = chr_01M38T7T6BJWKPVBVAKQ8SGW58, Intent = MoveIntent { DirXPermille = 936, DirZPermille = 352, Gait = Run, FacingMdeg = 69409, IsMoving = True } }
7378	32	MoveCommand { Actor = chr_01M38T7T6BJWKPVBVAKQ8SGW58, Intent = MoveIntent { DirXPermille = 933, DirZPermille = 359, Gait = Run, FacingMdeg = 68947, IsMoving = True } }
7379	33	MoveCommand { Actor = chr_01M38T7T6BJWKPVBVAKQ8SGW58, Intent = MoveIntent { DirXPermille = 930, DirZPermille = 367, Gait = Run, FacingMdeg = 68468, IsMoving = True } }
7380	34	MoveCommand { Actor = chr_01M38T7T6BJWKPVBVAKQ8SGW58, Intent = MoveIntent { DirXPermille = 927, DirZPermille = 375, Gait = Run, FacingMdeg = 67968, IsMoving = True } }
7381	35	MoveCommand { Actor = chr_01M38T7T6BJWKPVBVAKQ8SGW58, Intent = MoveIntent { DirXPermille = 924, DirZPermille = 384, Gait = Run, FacingMdeg = 67448, IsMoving = True } }
7382	36	MoveCommand { Actor = chr_01M38T7T6BJWKPVBVAKQ8SGW58, Intent = MoveIntent { DirXPermille = 920, DirZPermille = 392, Gait = Run, FacingMdeg = 66906, IsMoving = True } }
7383	37	MoveCommand { Actor = chr_01M38T7T6BJWKPVBVAKQ8SGW58, Intent = MoveIntent { DirXPermille = 916, DirZPermille = 401, Gait = Run, FacingMdeg = 66341, IsMoving = True } }
7384	38	MoveCommand { Actor = chr_01M38T7T6BJWKPVBVAKQ8SGW58, Intent = MoveIntent { DirXPermille = 912, DirZPermille = 411, Gait = Run, FacingMdeg = 65751, IsMoving = True } }
7385	39	MoveCommand { Actor = chr_01M38T7T6BJWKPVBVAKQ8SGW58, Intent = MoveIntent { DirXPermille = 907, DirZPermille = 420, Gait = Run, FacingMdeg = 65136, IsMoving = True } }
7386	40	MoveCommand { Actor = chr_01M38T7T6BJWKPVBVAKQ8SGW58, Intent = MoveIntent { DirXPermille = 903, DirZPermille = 431, Gait = Run, FacingMdeg = 64496, IsMoving = True } }
7387	41	MoveCommand { Actor = chr_01M38T7T6BJWKPVBVAKQ8SGW58, Intent = MoveIntent { DirXPermille = 897, DirZPermille = 441, Gait = Run, FacingMdeg = 63829, IsMoving = True } }
7388	42	MoveCommand { Actor = chr_01M38T7T6BJWKPVBVAKQ8SGW58, Intent = MoveIntent { DirXPermille = 892, DirZPermille = 452, Gait = Run, FacingMdeg = 63129, IsMoving = True } }
7389	43	MoveCommand { Actor = chr_01M38T7T6BJWKPVBVAKQ8SGW58, Intent = MoveIntent { DirXPermille = 886, DirZPermille = 463, Gait = Run, FacingMdeg = 62399, IsMoving = True } }
7390	44	MoveCommand { Actor = chr_01M38T7T6BJWKPVBVAKQ8SGW58, Intent = MoveIntent { DirXPermille = 880, DirZPermille = 475, Gait = Run, FacingMdeg = 61637, IsMoving = True } }
7391	45	MoveCommand { Actor = chr_01M38T7T6BJWKPVBVAKQ8SGW58, Intent = MoveIntent { DirXPermille = 873, DirZPermille = 487, Gait = Run, FacingMdeg = 60842, IsMoving = True } }
7392	46	MoveCommand { Actor = chr_01M38T7T6BJWKPVBVAKQ8SGW58, Intent = MoveIntent { DirXPermille = 866, DirZPermille = 500, Gait = Run, FacingMdeg = 60010, IsMoving = True } }
7393	47	MoveCommand { Actor = chr_01M38T7T6BJWKPVBVAKQ8SGW58, Intent = MoveIntent { DirXPermille = 858, DirZPermille = 513, Gait = Run, FacingMdeg = 59141, IsMoving = True } }
7394	48	MoveCommand { Actor = chr_01M38T7T6BJWKPVBVAKQ8SGW58, Intent = MoveIntent { DirXPermille = 850, DirZPermille = 526, Gait = Run, FacingMdeg = 58239, IsMoving = True } }
7395	49	MoveCommand { Actor = chr_01M38T7T6BJWKPVBVAKQ8SGW58, Intent = MoveIntent { DirXPermille = 841, DirZPermille = 540, Gait = Run, FacingMdeg = 57296, IsMoving = True } }
7396	50	MoveCommand { Actor = chr_01M38T7T6BJWKPVBVAKQ8SGW58, Intent = MoveIntent { DirXPermille = 832, DirZPermille = 555, Gait = Run, FacingMdeg = 56310, IsMoving = True } }
7397	51	MoveCommand { Actor = chr_01M38T7T6BJWKPVBVAKQ8SGW58, Intent = MoveIntent { DirXPermille = 822, DirZPermille = 569, Gait = Run, FacingMdeg = 55286, IsMoving = True } }
7398	52	MoveCommand { Actor = chr_01M38T7T6BJWKPVBVAKQ8SGW58, Intent = MoveIntent { DirXPermille = 811, DirZPermille = 585, Gait = Run, FacingMdeg = 54214, IsMoving = True } }
7399	53	MoveCommand { Actor = chr_01M38T7T6BJWKPVBVAKQ8SGW58, Intent = MoveIntent { DirXPermille = 800, DirZPermille = 600, Gait = Run, FacingMdeg = 53101, IsMoving = True } }
7400	54	MoveCommand { Actor = chr_01M38T7T6BJWKPVBVAKQ8SGW58, Intent = MoveIntent { DirXPermille = 787, DirZPermille = 616, Gait = Run, FacingMdeg = 51946, IsMoving = True } }
7401	55	MoveCommand { Actor = chr_01M38T7T6BJWKPVBVAKQ8SGW58, Intent = MoveIntent { DirXPermille = 776, DirZPermille = 631, Gait = Run, FacingMdeg = 50877, IsMoving = True } }
7412	56	MoveCommand { Actor = chr_01M38T7T6BJWKPVBVAKQ8SGW58, Intent = MoveIntent { DirXPermille = 776, DirZPermille = 630, Gait = Run, FacingMdeg = 50913, IsMoving = True } }
7416	57	MoveCommand { Actor = chr_01M38T7T6BJWKPVBVAKQ8SGW58, Intent = MoveIntent { DirXPermille = 777, DirZPermille = 630, Gait = Run, FacingMdeg = 50952, IsMoving = True } }
7418	58	MoveCommand { Actor = chr_01M38T7T6BJWKPVBVAKQ8SGW58, Intent = MoveIntent { DirXPermille = 777, DirZPermille = 629, Gait = Run, FacingMdeg = 50991, IsMoving = True } }
7420	59	MoveCommand { Actor = chr_01M38T7T6BJWKPVBVAKQ8SGW58, Intent = MoveIntent { DirXPermille = 778, DirZPermille = 628, Gait = Run, FacingMdeg = 51070, IsMoving = True } }
7422	60	MoveCommand { Actor = chr_01M38T7T6BJWKPVBVAKQ8SGW58, Intent = MoveIntent { DirXPermille = 24, DirZPermille = 1000, Gait = Run, FacingMdeg = 1354, IsMoving = True } }
7428	61	MoveCommand { Actor = chr_01M38T7T6BJWKPVBVAKQ8SGW58, Intent = MoveIntent { DirXPermille = 23, DirZPermille = 1000, Gait = Run, FacingMdeg = 1346, IsMoving = True } }
7451	62	MoveCommand { Actor = chr_01M38T7T6BJWKPVBVAKQ8SGW58, Intent = MoveIntent { DirXPermille = 22, DirZPermille = 1000, Gait = Run, FacingMdeg = 1289, IsMoving = True } }
7461	63	MoveCommand { Actor = chr_01M38T7T6BJWKPVBVAKQ8SGW58, Intent = MoveIntent { DirXPermille = 21, DirZPermille = 1000, Gait = Run, FacingMdeg = 1231, IsMoving = True } }
7462	64	MoveCommand { Actor = chr_01M38T7T6BJWKPVBVAKQ8SGW58, Intent = MoveIntent { DirXPermille = 22, DirZPermille = 1000, Gait = Run, FacingMdeg = 1238, IsMoving = True } }
7463	65	MoveCommand { Actor = chr_01M38T7T6BJWKPVBVAKQ8SGW58, Intent = MoveIntent { DirXPermille = 21, DirZPermille = 1000, Gait = Run, FacingMdeg = 1229, IsMoving = True } }
7464	66	MoveCommand { Actor = chr_01M38T7T6BJWKPVBVAKQ8SGW58, Intent = MoveIntent { DirXPermille = 22, DirZPermille = 1000, Gait = Run, FacingMdeg = 1236, IsMoving = True } }
7465	67	MoveCommand { Actor = chr_01M38T7T6BJWKPVBVAKQ8SGW58, Intent = MoveIntent { DirXPermille = 21, DirZPermille = 1000, Gait = Run, FacingMdeg = 1227, IsMoving = True } }
7466	68	MoveCommand { Actor = chr_01M38T7T6BJWKPVBVAKQ8SGW58, Intent = MoveIntent { DirXPermille = 22, DirZPermille = 1000, Gait = Run, FacingMdeg = 1235, IsMoving = True } }
7467	69	MoveCommand { Actor = chr_01M38T7T6BJWKPVBVAKQ8SGW58, Intent = MoveIntent { DirXPermille = 21, DirZPermille = 1000, Gait = Run, FacingMdeg = 1224, IsMoving = True } }
7468	70	MoveCommand { Actor = chr_01M38T7T6BJWKPVBVAKQ8SGW58, Intent = MoveIntent { DirXPermille = 22, DirZPermille = 1000, Gait = Run, FacingMdeg = 1233, IsMoving = True } }
7469	71	MoveCommand { Actor = chr_01M38T7T6BJWKPVBVAKQ8SGW58, Intent = MoveIntent { DirXPermille = 21, DirZPermille = 1000, Gait = Run, FacingMdeg = 1221, IsMoving = True } }
7471	72	MoveCommand { Actor = chr_01M38T7T6BJWKPVBVAKQ8SGW58, Intent = MoveIntent { DirXPermille = 22, DirZPermille = 1000, Gait = Run, FacingMdeg = 1241, IsMoving = True } }
7472	73	MoveCommand { Actor = chr_01M38T7T6BJWKPVBVAKQ8SGW58, Intent = MoveIntent { DirXPermille = 21, DirZPermille = 1000, Gait = Run, FacingMdeg = 1227, IsMoving = True } }
7473	74	MoveCommand { Actor = chr_01M38T7T6BJWKPVBVAKQ8SGW58, Intent = MoveIntent { DirXPermille = 22, DirZPermille = 1000, Gait = Run, FacingMdeg = 1239, IsMoving = True } }
7474	75	MoveCommand { Actor = chr_01M38T7T6BJWKPVBVAKQ8SGW58, Intent = MoveIntent { DirXPermille = 21, DirZPermille = 1000, Gait = Run, FacingMdeg = 1222, IsMoving = True } }
7475	76	MoveCommand { Actor = chr_01M38T7T6BJWKPVBVAKQ8SGW58, Intent = MoveIntent { DirXPermille = 22, DirZPermille = 1000, Gait = Run, FacingMdeg = 1236, IsMoving = True } }
7476	77	MoveCommand { Actor = chr_01M38T7T6BJWKPVBVAKQ8SGW58, Intent = MoveIntent { DirXPermille = 21, DirZPermille = 1000, Gait = Run, FacingMdeg = 1216, IsMoving = True } }
7477	78	MoveCommand { Actor = chr_01M38T7T6BJWKPVBVAKQ8SGW58, Intent = MoveIntent { DirXPermille = 22, DirZPermille = 1000, Gait = Run, FacingMdeg = 1232, IsMoving = True } }
7478	79	MoveCommand { Actor = chr_01M38T7T6BJWKPVBVAKQ8SGW58, Intent = MoveIntent { DirXPermille = 21, DirZPermille = 1000, Gait = Run, FacingMdeg = 1206, IsMoving = True } }
7480	80	MoveCommand { Actor = chr_01M38T7T6BJWKPVBVAKQ8SGW58, Intent = MoveIntent { DirXPermille = 22, DirZPermille = 1000, Gait = Run, FacingMdeg = 1252, IsMoving = True } }
7481	81	MoveCommand { Actor = chr_01M38T7T6BJWKPVBVAKQ8SGW58, Intent = MoveIntent { DirXPermille = 21, DirZPermille = 1000, Gait = Run, FacingMdeg = 1214, IsMoving = True } }
7482	82	MoveCommand { Actor = chr_01M38T7T6BJWKPVBVAKQ8SGW58, Intent = MoveIntent { DirXPermille = 22, DirZPermille = 1000, Gait = Run, FacingMdeg = 1252, IsMoving = True } }
7484	83	MoveCommand { Actor = chr_01M38T7T6BJWKPVBVAKQ8SGW58, Intent = MoveIntent { DirXPermille = 890, DirZPermille = 455, Gait = Run, FacingMdeg = 62917, IsMoving = True } }
7507	84	MoveCommand { Actor = chr_01M38T7T6BJWKPVBVAKQ8SGW58, Intent = MoveIntent { DirXPermille = 891, DirZPermille = 455, Gait = Run, FacingMdeg = 62937, IsMoving = True } }
7533	85	MoveCommand { Actor = chr_01M38T7T6BJWKPVBVAKQ8SGW58, Intent = MoveIntent { DirXPermille = 891, DirZPermille = 454, Gait = Run, FacingMdeg = 62968, IsMoving = True } }
7635	86	MoveCommand { Actor = chr_01M38T7T6BJWKPVBVAKQ8SGW58, Intent = MoveIntent { DirXPermille = 891, DirZPermille = 453, Gait = Run, FacingMdeg = 63036, IsMoving = True } }
7636	87	MoveCommand { Actor = chr_01M38T7T6BJWKPVBVAKQ8SGW58, Intent = MoveIntent { DirXPermille = 891, DirZPermille = 454, Gait = Run, FacingMdeg = 63021, IsMoving = True } }
7639	88	MoveCommand { Actor = chr_01M38T7T6BJWKPVBVAKQ8SGW58, Intent = MoveIntent { DirXPermille = 891, DirZPermille = 453, Gait = Run, FacingMdeg = 63036, IsMoving = True } }
7640	89	MoveCommand { Actor = chr_01M38T7T6BJWKPVBVAKQ8SGW58, Intent = MoveIntent { DirXPermille = 891, DirZPermille = 454, Gait = Run, FacingMdeg = 63016, IsMoving = True } }
7643	90	MoveCommand { Actor = chr_01M38T7T6BJWKPVBVAKQ8SGW58, Intent = MoveIntent { DirXPermille = 891, DirZPermille = 453, Gait = Run, FacingMdeg = 63036, IsMoving = True } }
7644	91	MoveCommand { Actor = chr_01M38T7T6BJWKPVBVAKQ8SGW58, Intent = MoveIntent { DirXPermille = 891, DirZPermille = 454, Gait = Run, FacingMdeg = 63007, IsMoving = True } }
7647	92	MoveCommand { Actor = chr_01M38T7T6BJWKPVBVAKQ8SGW58, Intent = MoveIntent { DirXPermille = 891, DirZPermille = 453, Gait = Run, FacingMdeg = 63036, IsMoving = True } }
7648	93	MoveCommand { Actor = chr_01M38T7T6BJWKPVBVAKQ8SGW58, Intent = MoveIntent { DirXPermille = 891, DirZPermille = 454, Gait = Run, FacingMdeg = 62980, IsMoving = True } }
7651	94	MoveCommand { Actor = chr_01M38T7T6BJWKPVBVAKQ8SGW58, Intent = MoveIntent { DirXPermille = 919, DirZPermille = 395, Gait = Run, FacingMdeg = 66754, IsMoving = True } }
7699	95	MoveCommand { Actor = chr_01M38T7T6BJWKPVBVAKQ8SGW58, Intent = MoveIntent { DirXPermille = 918, DirZPermille = 395, Gait = Run, FacingMdeg = 66707, IsMoving = True } }
7702	96	MoveCommand { Actor = chr_01M38T7T6BJWKPVBVAKQ8SGW58, Intent = MoveIntent { DirXPermille = 918, DirZPermille = 396, Gait = Run, FacingMdeg = 66701, IsMoving = True } }
7720	97	MoveCommand { Actor = chr_01M38T7T6BJWKPVBVAKQ8SGW58, Intent = MoveIntent { DirXPermille = 918, DirZPermille = 397, Gait = Run, FacingMdeg = 66635, IsMoving = True } }
7721	98	MoveCommand { Actor = chr_01M38T7T6BJWKPVBVAKQ8SGW58, Intent = MoveIntent { DirXPermille = 918, DirZPermille = 396, Gait = Run, FacingMdeg = 66641, IsMoving = True } }
7722	99	MoveCommand { Actor = chr_01M38T7T6BJWKPVBVAKQ8SGW58, Intent = MoveIntent { DirXPermille = 918, DirZPermille = 397, Gait = Run, FacingMdeg = 66635, IsMoving = True } }
7723	100	MoveCommand { Actor = chr_01M38T7T6BJWKPVBVAKQ8SGW58, Intent = MoveIntent { DirXPermille = 918, DirZPermille = 396, Gait = Run, FacingMdeg = 66642, IsMoving = True } }
7724	101	MoveCommand { Actor = chr_01M38T7T6BJWKPVBVAKQ8SGW58, Intent = MoveIntent { DirXPermille = 918, DirZPermille = 397, Gait = Run, FacingMdeg = 66635, IsMoving = True } }
7725	102	MoveCommand { Actor = chr_01M38T7T6BJWKPVBVAKQ8SGW58, Intent = MoveIntent { DirXPermille = 918, DirZPermille = 396, Gait = Run, FacingMdeg = 66642, IsMoving = True } }
7726	103	MoveCommand { Actor = chr_01M38T7T6BJWKPVBVAKQ8SGW58, Intent = MoveIntent { DirXPermille = 918, DirZPermille = 397, Gait = Run, FacingMdeg = 66635, IsMoving = True } }
7727	104	MoveCommand { Actor = chr_01M38T7T6BJWKPVBVAKQ8SGW58, Intent = MoveIntent { DirXPermille = 918, DirZPermille = 396, Gait = Run, FacingMdeg = 66643, IsMoving = True } }
7728	105	MoveCommand { Actor = chr_01M38T7T6BJWKPVBVAKQ8SGW58, Intent = MoveIntent { DirXPermille = 918, DirZPermille = 397, Gait = Run, FacingMdeg = 66634, IsMoving = True } }
7729	106	MoveCommand { Actor = chr_01M38T7T6BJWKPVBVAKQ8SGW58, Intent = MoveIntent { DirXPermille = 918, DirZPermille = 396, Gait = Run, FacingMdeg = 66643, IsMoving = True } }
7730	107	MoveCommand { Actor = chr_01M38T7T6BJWKPVBVAKQ8SGW58, Intent = MoveIntent { DirXPermille = 918, DirZPermille = 397, Gait = Run, FacingMdeg = 66634, IsMoving = True } }
7731	108	MoveCommand { Actor = chr_01M38T7T6BJWKPVBVAKQ8SGW58, Intent = MoveIntent { DirXPermille = 918, DirZPermille = 396, Gait = Run, FacingMdeg = 66644, IsMoving = True } }
7732	109	MoveCommand { Actor = chr_01M38T7T6BJWKPVBVAKQ8SGW58, Intent = MoveIntent { DirXPermille = 918, DirZPermille = 397, Gait = Run, FacingMdeg = 66634, IsMoving = True } }
7733	110	MoveCommand { Actor = chr_01M38T7T6BJWKPVBVAKQ8SGW58, Intent = MoveIntent { DirXPermille = 918, DirZPermille = 396, Gait = Run, FacingMdeg = 66645, IsMoving = True } }
7734	111	MoveCommand { Actor = chr_01M38T7T6BJWKPVBVAKQ8SGW58, Intent = MoveIntent { DirXPermille = 918, DirZPermille = 397, Gait = Run, FacingMdeg = 66633, IsMoving = True } }
7735	112	MoveCommand { Actor = chr_01M38T7T6BJWKPVBVAKQ8SGW58, Intent = MoveIntent { DirXPermille = 918, DirZPermille = 396, Gait = Run, FacingMdeg = 66646, IsMoving = True } }
7736	113	MoveCommand { Actor = chr_01M38T7T6BJWKPVBVAKQ8SGW58, Intent = MoveIntent { DirXPermille = 918, DirZPermille = 397, Gait = Run, FacingMdeg = 66633, IsMoving = True } }
7737	114	MoveCommand { Actor = chr_01M38T7T6BJWKPVBVAKQ8SGW58, Intent = MoveIntent { DirXPermille = 918, DirZPermille = 396, Gait = Run, FacingMdeg = 66648, IsMoving = True } }
7738	115	MoveCommand { Actor = chr_01M38T7T6BJWKPVBVAKQ8SGW58, Intent = MoveIntent { DirXPermille = 918, DirZPermille = 397, Gait = Run, FacingMdeg = 66632, IsMoving = True } }
7739	116	MoveCommand { Actor = chr_01M38T7T6BJWKPVBVAKQ8SGW58, Intent = MoveIntent { DirXPermille = 918, DirZPermille = 396, Gait = Run, FacingMdeg = 66651, IsMoving = True } }
7740	117	MoveCommand { Actor = chr_01M38T7T6BJWKPVBVAKQ8SGW58, Intent = MoveIntent { DirXPermille = 918, DirZPermille = 397, Gait = Run, FacingMdeg = 66630, IsMoving = True } }
7741	118	MoveCommand { Actor = chr_01M38T7T6BJWKPVBVAKQ8SGW58, Intent = MoveIntent { DirXPermille = 918, DirZPermille = 396, Gait = Run, FacingMdeg = 66655, IsMoving = True } }
7742	119	MoveCommand { Actor = chr_01M38T7T6BJWKPVBVAKQ8SGW58, Intent = MoveIntent { DirXPermille = 918, DirZPermille = 397, Gait = Run, FacingMdeg = 66628, IsMoving = True } }
7743	120	MoveCommand { Actor = chr_01M38T7T6BJWKPVBVAKQ8SGW58, Intent = MoveIntent { DirXPermille = 918, DirZPermille = 396, Gait = Run, FacingMdeg = 66663, IsMoving = True } }
7744	121	MoveCommand { Actor = chr_01M38T7T6BJWKPVBVAKQ8SGW58, Intent = MoveIntent { DirXPermille = 918, DirZPermille = 397, Gait = Run, FacingMdeg = 66623, IsMoving = True } }
7746	122	MoveCommand { Actor = chr_01M38T7T6BJWKPVBVAKQ8SGW58, Intent = MoveIntent { DirXPermille = 895, DirZPermille = 446, Gait = Run, FacingMdeg = 63519, IsMoving = True } }
7766	123	MoveCommand { Actor = chr_01M38T7T6BJWKPVBVAKQ8SGW58, Intent = MoveIntent { DirXPermille = 895, DirZPermille = 447, Gait = Run, FacingMdeg = 63478, IsMoving = True } }
7775	124	MoveCommand { Actor = chr_01M38T7T6BJWKPVBVAKQ8SGW58, Intent = MoveIntent { DirXPermille = 894, DirZPermille = 447, Gait = Run, FacingMdeg = 63441, IsMoving = True } }
7776	125	MoveCommand { Actor = chr_01M38T7T6BJWKPVBVAKQ8SGW58, Intent = MoveIntent { DirXPermille = 895, DirZPermille = 447, Gait = Run, FacingMdeg = 63447, IsMoving = True } }
7777	126	MoveCommand { Actor = chr_01M38T7T6BJWKPVBVAKQ8SGW58, Intent = MoveIntent { DirXPermille = 894, DirZPermille = 447, Gait = Run, FacingMdeg = 63441, IsMoving = True } }
7778	127	MoveCommand { Actor = chr_01M38T7T6BJWKPVBVAKQ8SGW58, Intent = MoveIntent { DirXPermille = 895, DirZPermille = 447, Gait = Run, FacingMdeg = 63448, IsMoving = True } }
7779	128	MoveCommand { Actor = chr_01M38T7T6BJWKPVBVAKQ8SGW58, Intent = MoveIntent { DirXPermille = 894, DirZPermille = 447, Gait = Run, FacingMdeg = 63442, IsMoving = True } }
7780	129	MoveCommand { Actor = chr_01M38T7T6BJWKPVBVAKQ8SGW58, Intent = MoveIntent { DirXPermille = 895, DirZPermille = 447, Gait = Run, FacingMdeg = 63449, IsMoving = True } }
7781	130	MoveCommand { Actor = chr_01M38T7T6BJWKPVBVAKQ8SGW58, Intent = MoveIntent { DirXPermille = 894, DirZPermille = 447, Gait = Run, FacingMdeg = 63442, IsMoving = True } }
7782	131	MoveCommand { Actor = chr_01M38T7T6BJWKPVBVAKQ8SGW58, Intent = MoveIntent { DirXPermille = 895, DirZPermille = 447, Gait = Run, FacingMdeg = 63450, IsMoving = True } }
7783	132	MoveCommand { Actor = chr_01M38T7T6BJWKPVBVAKQ8SGW58, Intent = MoveIntent { DirXPermille = 894, DirZPermille = 447, Gait = Run, FacingMdeg = 63443, IsMoving = True } }
7784	133	MoveCommand { Actor = chr_01M38T7T6BJWKPVBVAKQ8SGW58, Intent = MoveIntent { DirXPermille = 895, DirZPermille = 447, Gait = Run, FacingMdeg = 63451, IsMoving = True } }
7785	134	MoveCommand { Actor = chr_01M38T7T6BJWKPVBVAKQ8SGW58, Intent = MoveIntent { DirXPermille = 894, DirZPermille = 447, Gait = Run, FacingMdeg = 63444, IsMoving = True } }
7786	135	MoveCommand { Actor = chr_01M38T7T6BJWKPVBVAKQ8SGW58, Intent = MoveIntent { DirXPermille = 895, DirZPermille = 447, Gait = Run, FacingMdeg = 63453, IsMoving = True } }
7788	136	MoveCommand { Actor = chr_01M38T7T6BJWKPVBVAKQ8SGW58, Intent = MoveIntent { DirXPermille = 894, DirZPermille = 447, Gait = Run, FacingMdeg = 63435, IsMoving = True } }
7789	137	MoveCommand { Actor = chr_01M38T7T6BJWKPVBVAKQ8SGW58, Intent = MoveIntent { DirXPermille = 895, DirZPermille = 447, Gait = Run, FacingMdeg = 63446, IsMoving = True } }
7790	138	MoveCommand { Actor = chr_01M38T7T6BJWKPVBVAKQ8SGW58, Intent = MoveIntent { DirXPermille = 894, DirZPermille = 447, Gait = Run, FacingMdeg = 63435, IsMoving = True } }
7791	139	MoveCommand { Actor = chr_01M38T7T6BJWKPVBVAKQ8SGW58, Intent = MoveIntent { DirXPermille = 895, DirZPermille = 447, Gait = Run, FacingMdeg = 63448, IsMoving = True } }
7792	140	MoveCommand { Actor = chr_01M38T7T6BJWKPVBVAKQ8SGW58, Intent = MoveIntent { DirXPermille = 894, DirZPermille = 447, Gait = Run, FacingMdeg = 63435, IsMoving = True } }
7793	141	MoveCommand { Actor = chr_01M38T7T6BJWKPVBVAKQ8SGW58, Intent = MoveIntent { DirXPermille = 895, DirZPermille = 447, Gait = Run, FacingMdeg = 63450, IsMoving = True } }
7794	142	MoveCommand { Actor = chr_01M38T7T6BJWKPVBVAKQ8SGW58, Intent = MoveIntent { DirXPermille = 894, DirZPermille = 447, Gait = Run, FacingMdeg = 63435, IsMoving = True } }
7795	143	MoveCommand { Actor = chr_01M38T7T6BJWKPVBVAKQ8SGW58, Intent = MoveIntent { DirXPermille = 895, DirZPermille = 447, Gait = Run, FacingMdeg = 63454, IsMoving = True } }
7796	144	MoveCommand { Actor = chr_01M38T7T6BJWKPVBVAKQ8SGW58, Intent = MoveIntent { DirXPermille = 894, DirZPermille = 447, Gait = Run, FacingMdeg = 63435, IsMoving = True } }
7797	145	MoveCommand { Actor = chr_01M38T7T6BJWKPVBVAKQ8SGW58, Intent = MoveIntent { DirXPermille = 895, DirZPermille = 447, Gait = Run, FacingMdeg = 63460, IsMoving = True } }
7798	146	MoveCommand { Actor = chr_01M38T7T6BJWKPVBVAKQ8SGW58, Intent = MoveIntent { DirXPermille = 894, DirZPermille = 447, Gait = Run, FacingMdeg = 63435, IsMoving = True } }
7799	147	MoveCommand { Actor = chr_01M38T7T6BJWKPVBVAKQ8SGW58, Intent = MoveIntent { DirXPermille = 895, DirZPermille = 447, Gait = Run, FacingMdeg = 63471, IsMoving = True } }
7800	148	MoveCommand { Actor = chr_01M38T7T6BJWKPVBVAKQ8SGW58, Intent = MoveIntent { DirXPermille = 894, DirZPermille = 447, Gait = Run, FacingMdeg = 63435, IsMoving = True } }
7802	149	MoveCommand { Actor = chr_01M38T7T6BJWKPVBVAKQ8SGW58, Intent = MoveIntent { DirXPermille = 0, DirZPermille = 0, Gait = Run, FacingMdeg = 63435, IsMoving = False } }
7809	150	MoveCommand { Actor = chr_01M38T7T6BJWKPVBVAKQ8SGW58, Intent = MoveIntent { DirXPermille = 0, DirZPermille = 0, Gait = Run, FacingMdeg = 341777, IsMoving = False } }
7809	151	AttackCommand { Actor = chr_01M38T7T6BJWKPVBVAKQ8SGW58 }
