doc_line	file	old	new	status
91	docs/INDEX.md	89-90	89-90	exact
98	docs/PERSISTENCE.md	83-84	83-84	exact
98	docs/ARCHITECTURE.md	164	165	exact
111	src/Domain/Spatial/Kinematics.cs	159	159	exact
113	docs/INDEX.md	89	89	exact|bare
123	docs/DATA_MODEL.md	309	309	exact|bare
127	docs/M6_STATUS.md	221	221	changed
128	docs/M6_STATUS.md	187	187	exact
207	docs/M6_STATUS.md	187	187	exact
209	docs/M6_STATUS.md	221	221	changed
248	src/World/Runtime/Simulation.cs	100-145	100-145	exact
248	src/World/Runtime/Simulation.cs	116-137	116-137	changed|bare
248	src/World/Runtime/Simulation.cs	139	139	exact|bare
249	src/World/Runtime/Simulation.cs	312-339	315-342	exact
250	src/World/Runtime/Simulation.cs	72	72	exact
250	src/World/Runtime/Simulation.cs	268-306	271-309	exact|bare
251	src/World/Runtime/Systems.cs	15	15	exact
251	src/World/Runtime/Simulation.cs	367	373	exact
251	src/World/Runtime/Simulation.cs	369-404	375-410	exact|bare
252	src/World/Runtime/RuntimeState.cs	19-74	20-75	exact
252	src/World/Runtime/RuntimeState.cs	144-161	145-162	exact|bare
252	src/World/Runtime/RuntimeState.cs	329-333	337-341	exact|bare
253	src/World/Runtime/RuntimeState.cs	97-115	98-116	exact
253	src/World/Runtime/RuntimeState.cs	102	103	exact|bare
254	src/World/Runtime/Systems.cs	24-87	24-95	exact
254	src/World/Runtime/Systems.cs	48	48	exact|bare
254	src/World/Runtime/Systems.cs	51-52	51-52	exact|bare
254	src/World/Runtime/Systems.cs	61-64	61-64	exact|bare
254	src/World/Runtime/Systems.cs	67	67	exact|bare
254	src/World/Runtime/Systems.cs	82-86	90-94	exact|bare
255	src/World/Runtime/Simulation.cs	14-33	14-33	exact
256	src/World/Runtime/Simulation.cs	202	202	exact
256	src/World/Runtime/Simulation.cs	255	255	exact|bare
256	src/World/Runtime/Simulation.cs	342-351	345-354	exact|bare
256	src/World/Runtime/Simulation.cs	357-364	360-370	exact|bare
257	src/Application/EventBus.cs	24	38	exact
257	src/Application/EventBus.cs	50	64	exact|bare
259	src/Application/GameSession.cs	177-201	327-353	exact
266	src/Domain/Spatial/Kinematics.cs	119	119	exact
266	src/Domain/Spatial/Kinematics.cs	129-160	129-160	exact|bare
266	src/Domain/Spatial/Kinematics.cs	183-208	187-212	exact|bare
266	src/Domain/Spatial/Kinematics.cs	192	196	exact|bare
266	src/Domain/Spatial/Kinematics.cs	157-159	157-159	exact|bare
268	src/Domain/Spatial/Kinematics.cs	104	104	exact
269	src/Domain/Spatial/Kinematics.cs	170-177	170-177	exact
270	src/World/Runtime/Systems.cs	140	148	exact
270	src/World/Runtime/Systems.cs	160	173	exact|bare
270	src/World/Runtime/Systems.cs	216	229	exact|bare
270	src/World/Runtime/Companions.cs	372	372	exact|ambiguous-name
270	src/World/Runtime/Companions.cs	398	398	exact|bare
270	src/World/Runtime/Companions.cs	567	567	exact|bare
270	src/World/Runtime/Companions.cs	598	598	exact|bare
270	src/World/Runtime/Creatures.cs	588	599	exact
270	src/World/Runtime/Creatures.cs	623	637	exact|bare
270	src/World/Runtime/Creatures.cs	837	868	exact|bare
270	src/World/Runtime/Creatures.cs	893	924	exact|bare
270	src/World/Runtime/Combat.cs	570	575	exact|ambiguous-name
270	src/World/Runtime/Creatures.cs	173	174	exact
270	src/World/Runtime/Companions.cs	132	132	exact|ambiguous-name
270	src/World/Runtime/Companions.cs	519	519	exact|bare
270	src/World/Runtime/Creatures.cs	762	781	exact
270	src/World/Runtime/Social.cs	136	136	exact|ambiguous-name
273	src/World/Runtime/Systems.cs	48	48	exact
273	src/World/Runtime/Simulation.cs	169-183	169-183	exact
274	src/World/Runtime/Systems.cs	240-293	253-310	exact
274	src/World/Runtime/Systems.cs	268	285	exact|bare
274	src/World/Runtime/Systems.cs	276-292	293-309	exact|bare
274	src/World/Runtime/Systems.cs	288	305	exact|bare
275	src/World/Runtime/Systems.cs	471	490	exact
275	src/World/Runtime/Systems.cs	521	540	exact|bare
282	src/World/Runtime/Companions.cs	325-361	325-361	exact
283	src/World/Runtime/Companions.cs	308-316	308-316	exact|ambiguous-name
283	src/World/Runtime/Companions.cs	187	187	exact|bare
284	src/World/Runtime/Companions.cs	367-408	367-408	exact|ambiguous-name
284	src/World/Runtime/Companions.cs	372	372	exact|bare
284	src/World/Runtime/Companions.cs	398	398	exact|bare
285	src/World/Runtime/Companions.cs	571-581	571-581	exact|ambiguous-name
286	src/World/Runtime/Companions.cs	584-598	584-598	exact|ambiguous-name
287	src/World/Runtime/Companions.cs	286-290	286-290	exact|ambiguous-name
288	src/World/Runtime/Companions.cs	160-171	160-171	exact|ambiguous-name
289	src/World/Runtime/Companions.cs	125-143	125-143	exact|ambiguous-name
289	src/World/Runtime/Companions.cs	145	145	exact|bare
291	src/World/Runtime/Social.cs	105-165	105-165	exact
291	src/World/Runtime/Social.cs	88	88	exact|bare
291	src/World/Runtime/Social.cs	141-147	141-147	exact|bare
292	src/World/Runtime/Social.cs	121-125	121-125	exact|ambiguous-name
293	src/Domain/Social/Social.cs	10-16	10-16	exact
299	src/World/Runtime/Creatures.cs	171-225	172-231	exact
300	src/World/Runtime/Creatures.cs	820-838	851-869	exact
300	src/World/Runtime/Creatures.cs	869	900	exact|bare
300	src/World/Runtime/Creatures.cs	588	599	exact|bare
300	src/World/Runtime/Creatures.cs	623	637	exact|bare
300	src/World/Runtime/Creatures.cs	837	868	exact|bare
301	src/World/Runtime/Creatures.cs	565-624	574-638	exact
302	src/World/Runtime/Creatures.cs	893	924	exact
303	src/World/Runtime/Creatures.cs	701-714	720-733	exact
304	src/World/Runtime/Creatures.cs	264	273	exact
304	src/World/Runtime/Creatures.cs	897	928	exact|bare
305	src/World/Runtime/Creatures.cs	162-166	163-167	exact
305	src/World/WorldDelta.cs	162-185	163-201	exact
311	src/World/Runtime/Combat.cs	495-507	500-512	exact
312	src/World/Runtime/Combat.cs	511-545	516-550	exact|ambiguous-name
313	src/World/Runtime/Combat.cs	569-570	574-575	exact|ambiguous-name
315	src/World/Runtime/Combat.cs	496	501	exact|ambiguous-name
315	src/World/Runtime/Combat.cs	554	559	exact|bare
316	src/World/Runtime/RuntimeState.cs	128	129	exact
322	src/World/Runtime/Items.cs	91	91	exact
322	src/World/Runtime/Items.cs	327-357	330-360	exact|bare
323	src/World/Runtime/Items.cs	106	106	exact|ambiguous-name
323	src/World/Runtime/Items.cs	367-374	370-377	exact|bare
324	src/World/Runtime/Items.cs	569-609	576-616	exact|ambiguous-name
324	src/World/Runtime/Items.cs	611-627	618-634	exact|bare
324	src/World/Runtime/Items.cs	576	583	exact|bare
324	src/World/Runtime/Items.cs	600	607	exact|bare
324	src/World/Runtime/Items.cs	576	583	exact|bare
324	src/World/Runtime/Items.cs	600	607	exact|bare
325	src/World/Runtime/Items.cs	657	664	exact|ambiguous-name
326	src/World/Runtime/Items.cs	450-460	453-463	exact|ambiguous-name
327	src/World/Runtime/Items.cs	494-510	500-516	exact|ambiguous-name
328	src/World/Runtime/Items.cs	513-523	519-529	exact|ambiguous-name
329	src/World/Runtime/Items.cs	553-562	559-569	exact|ambiguous-name
330	src/World/Runtime/Items.cs	377-381	380-384	exact|ambiguous-name
330	src/World/WorldDelta.cs	390-400	410-420	exact
331	src/World/WorldDelta.cs	360-367	380-387	exact
332	src/World/WorldDelta.cs	54-61	55-62	exact
332	src/World/WorldDelta.cs	76	77	exact|bare
332	src/World/WorldDelta.cs	347-354	367-374	exact|bare
333	src/World/Runtime/Items.cs	97	97	exact|ambiguous-name
333	src/World/Runtime/Items.cs	456-459	459-462	exact|bare
343	src/Application/GameSession.cs	105-117	165-177	exact
349	src/Domain/Social/Social.cs	177-198	183-204	exact|ambiguous-name
349	src/Domain/Social/Social.cs	30-40	30-40	exact
350	src/World/Runtime/Social.cs	206-422	206-428	exact|ambiguous-name
350	src/World/Runtime/Social.cs	225-246	225-246	exact|bare
350	src/World/Runtime/Social.cs	90-91	90-91	exact|bare
351	src/World/Runtime/Social.cs	432-459	438-466	exact|ambiguous-name
352	src/Domain/Social/Social.cs	125-159	131-165	exact
352	tests/Domain.Tests/DialogueRulesTests.cs	12	12	exact
353	src/World/Runtime/Social.cs	468-550	475-557	exact|ambiguous-name
353	src/World/Runtime/Systems.cs	61-64	61-64	exact
361	src/Domain/Quests/Quests.cs	141-160	147-166	exact
361	src/Domain/Quests/Quests.cs	205-206	211-212	exact|bare
362	src/World/Runtime/QuestDebugger.cs	372	399	exact
362	src/World/Runtime/QuestDebugger.cs	386	413	exact|bare
363	src/World/Runtime/QuestDebugger.cs	392	419	exact
364	src/World/Runtime/Systems.cs	296-316	313-333	exact
364	src/World/WorldDelta.cs	250-262	270-282	exact
379	src/Persistence/SaveModel.cs	12-33	12-33	exact
380	src/Persistence/Migrations.cs	69-81	70-82	changed
380	src/Persistence/Migrations.cs	566	568	changed|bare
380	src/Persistence/Migrations.cs	701	703	exact|bare
380	src/Persistence/Migrations.cs	722	724	exact|bare
382	src/Persistence/SectionCodec.cs	21	22	exact
382	src/Persistence/SectionCodec.cs	75	76	exact|bare
382	src/Persistence/SectionCodec.cs	203	204	exact|bare
382	src/Persistence/SectionCodec.cs	409	437	exact|bare
382	src/Persistence/SectionCodec.cs	481	509	exact|bare
382	src/Persistence/SectionCodec.cs	556	593	changed|bare
383	src/Persistence/SaveLoader.cs	142-155	143-156	exact
383	src/Persistence/SaveLoader.cs	158-159	159-160	exact|bare
383	src/Persistence/SaveLoader.cs	206-359	207-373	exact|bare
383	src/Persistence/SaveLoader.cs	361-408	375-422	exact|bare
383	src/Persistence/SaveLoader.cs	410-430	424-444	exact|bare
383	src/Persistence/SaveLoader.cs	146	144	changed|bare
383	src/Persistence/SaveLoader.cs	358	369	changed|bare
383	src/Persistence/SaveLoader.cs	206	207	exact|bare
384	src/Persistence/BaselineTransitions.cs	22	22	exact
384	src/Persistence/BaselineTransitions.cs	94-117	94-118	exact|bare
385	src/World/WorldDelta.cs	188-200	204-219	exact
385	src/World/WorldDelta.cs	453-521	478-549	exact|bare
385	src/World/WorldDelta.cs	531-576	559-615	exact|bare
385	src/World/WorldDelta.cs	582-635	621-675	exact|bare
385	src/World/WorldDelta.cs	587	626	changed|bare
387	src/Application/StateDump.cs	25-46	26-48	exact
387	src/Application/StateDump.cs	93-94	150-151	exact|bare
388	tests/Persistence.Tests/HistoricalFixtureTests.cs	16	17	exact
389	src/Persistence/SaveStore.cs	41-45	41-45	exact
389	src/Persistence/SaveStore.cs	474	636	exact|bare
398	src/Content/SocialContent.cs	26-30	26-30	exact
398	src/Content/SocialContent.cs	69-94	69-94	exact|bare
402	src/Application/GameSession.cs	79-119	139-179	exact
409	src/Presentation/Main.cs	1061-1104	1449-1493	exact
410	src/Presentation/Main.cs	374-407	641-720	exact
410	src/Presentation/Main.cs	489	775	changed|bare
411	src/Presentation/Main.cs	662	960	exact
411	src/Presentation/Main.cs	780	1068	exact|bare
411	src/Presentation/Main.cs	864	1152	exact|bare
412	src/Presentation/Main.cs	778	1066	exact
412	src/Presentation/Main.cs	916	1204	exact|bare
412	src/Presentation/Main.cs	1005	1395	exact|bare
412	src/Presentation/Main.cs	1021-1031	1408-1418	exact|bare
412	src/Presentation/Main.cs	1041-1047	1428-1435	exact|bare
413	src/Presentation/Player/PlayerController.cs	127	95	changed
413	src/Presentation/Player/PlayerController.cs	186	156	exact|bare
413	src/Presentation/Player/PlayerController.cs	202	172	exact|bare
414	src/Presentation/Perf/PerfRun.cs	56	54	changed
415	src/Presentation/Greybox/HollowView.cs	36	43	exact
415	src/Presentation/Greybox/HollowView.cs	205	313	exact|bare
415	src/Presentation/Greybox/HollowView.cs	374-381	635-642	exact|bare
417	src/Presentation/Ui/HelpPanel.cs	14-45	14-48	exact
417	src/Presentation/Ui/HelpPanel.cs	48	51	exact|bare
418	src/Presentation/Main.cs	476	771	changed
419	src/Presentation/Playthrough.cs	38	40	exact
419	src/Presentation/Playthrough.cs	71	73	exact|bare
419	src/Presentation/DeltaShots.cs	43	43	exact
419	src/Presentation/Main.cs	103	141	changed
419	src/Presentation/Main.cs	305	533	changed|bare
420	src/Presentation/Perf/FrameStats.cs	78	86	exact
425	src/World/Runtime/Simulation.cs	369-404	375-410	exact
445	src/World/WorldDelta.cs	520	545	changed
445	src/Persistence/SaveLoader.cs	146	144	changed
445	src/Persistence/SaveLoader.cs	358	369	changed|bare
445	src/Persistence/BaselineTransitions.cs	112	112	exact
454	src/World/Runtime/Companions.cs	263	263	exact|ambiguous-name
454	src/World/Runtime/Creatures.cs	264	273	exact
455	src/World/Runtime/Companions.cs	286-290	286-290	exact|ambiguous-name
456	src/World/Runtime/RuntimeState.cs	128	129	exact
457	src/World/Runtime/Items.cs	387	390	exact|ambiguous-name
460	src/Persistence/SaveStore.cs	474	636	exact
494	tests/Application.Tests/NpcTests.cs	288	376	exact
533	src/World/Runtime/Social.cs	149-164	149-164	exact
533	src/World/Runtime/Companions.cs	325-361	325-361	exact|ambiguous-name
538	src/World/Runtime/Companions.cs	186-187	186-187	exact|ambiguous-name
545	src/World/Runtime/Creatures.cs	589-594	600-605	exact
603	src/World/Runtime/Systems.cs	41-45	41-45	exact
603	src/Domain/Spatial/Kinematics.cs	159	159	exact
604	src/Domain/Spatial/Kinematics.cs	166-167	166-167	exact
606	src/World/Runtime/RuntimeState.cs	37	38	exact
643	src/World/Runtime/Simulation.cs	320-333	323-336	exact
667	src/World/Runtime/Systems.cs	498-499	517-518	exact
703	src/Domain/Spatial/Kinematics.cs	171-172	171-172	exact
733	tests/Architecture.Tests/ArchitectureTests.cs	204-209	205-210	exact
786	src/World/Runtime/Companions.cs	558-568	558-568	exact|ambiguous-name
798	src/World/Runtime/Companions.cs	570-581	570-581	exact|ambiguous-name
799	src/World/Runtime/Systems.cs	82-86	90-94	exact
799	src/World/Runtime/Creatures.cs	830-836	861-867	exact
814	src/World/Runtime/Systems.cs	259-264	272-277	exact
821	tests/Application.Tests/CompanionTests.cs	285-319	343-377	exact
862	src/World/Runtime/Companions.cs	125-155	125-155	exact|ambiguous-name
900	src/World/Runtime/Companions.cs	325-361	325-361	exact|ambiguous-name
900	src/World/Runtime/Companions.cs	286-290	286-290	exact|bare
900	src/World/Runtime/Companions.cs	263	263	exact|bare
927	src/World/Runtime/Simulation.cs	326-327	329-330	exact
938	src/World/Runtime/Social.cs	158-161	158-161	exact|ambiguous-name
952	src/World/Runtime/Companions.cs	561-566	561-566	exact|ambiguous-name
958	src/World/Runtime/Social.cs	149-164	149-164	exact|ambiguous-name
963	src/Domain/Spatial/Kinematics.cs	137-147	137-147	exact
963	src/Domain/Spatial/Kinematics.cs	157-158	157-158	exact|bare
963	src/World/Runtime/Social.cs	127-139	127-139	exact|ambiguous-name
1000	src/World/Runtime/Systems.cs	276-282	293-299	exact
1039	src/Application/GameSession.cs	88-99	148-159	exact
1157	src/Application/GameSession.cs	86-99	146-159	exact
1240	tests/Application.Tests/CreatureTests.cs	526-542	767-783	exact
1242	tests/Application.Tests/CompanionTests.cs	285	343	exact
1356	src/Domain/Spatial/Kinematics.cs	157-159	157-159	exact
1664	src/World/Runtime/Items.cs	576	583	exact
1664	src/World/Runtime/Items.cs	600	607	exact|bare
1706	src/World/Runtime/Combat.cs	506	511	exact
1710	src/World/Runtime/Combat.cs	523-545	528-550	exact|ambiguous-name
1746	src/World/Runtime/Items.cs	558	563	changed
1838	src/World/Runtime/Social.cs	294	294	exact|ambiguous-name
1839	src/World/Runtime/Systems.cs	61-64	61-64	exact
1917	docs/DATA_MODEL.md	123	123	exact
2321	src/World/Runtime/Creatures.cs	705-706	724-725	exact
2331	src/World/Runtime/Creatures.cs	705-706	724-725	exact
2332	src/World/Runtime/Systems.cs	288	305	exact
2332	src/World/Runtime/Systems.cs	290	307	exact|bare
2349	src/World/Runtime/Systems.cs	284	301	exact
2406	src/World/Runtime/Social.cs	149-164	149-164	exact
2547	src/Domain/Social/Social.cs	148-159	154-165	exact|bare
2549	src/Domain/Quests/Quests.cs	154-155	160-161	exact|bare
2553	src/World/Runtime/Social.cs	206	206	exact|bare
2553	src/World/Runtime/Social.cs	432	438	exact|bare
2554	tests/Domain.Tests/DialogueRulesTests.cs	12	12	exact
2555	src/World/Runtime/QuestDebugger.cs	372	399	exact|bare
2561	src/Application/GameSession.cs	88-99	148-159	exact|bare
2566	tests/Content.Tests/QuestContentTests.cs	120	124	exact
2610	tests/Application.Tests/CreatureTests.cs	36-44	36-44	exact
2610	tests/Application.Tests/CreatureTests.cs	303-311	327-335	exact|bare
2611	src/Presentation/Playthrough.cs	64-67	66-69	exact
2631	src/Content/SocialContent.cs	26-27	26-27	exact
2638	src/World/Runtime/Social.cs	265-266	265-266	exact
2638	src/World/Runtime/Social.cs	306	306	exact|bare
2650	src/World/Runtime/Social.cs	468-551	475-558	exact
2664	tests/Application.Tests/NpcTests.cs	287-307	375-395	exact
2666	src/World/Runtime/Items.cs	488-510	494-516	exact
2670	src/World/Runtime/Social.cs	496	503	exact
2670	src/World/Runtime/Social.cs	515	522	exact|bare
2672	src/Presentation/Main.cs	780-784	1068-1072	exact
2721	src/World/Runtime/Social.cs	88	88	exact
2876	content/dialogue/ashen_hollow/sel_arien.yaml	21-27	21-27	exact
2876	content/dialogue/ashen_hollow/sel_arien.yaml	57-65	62-70	exact|bare
2937	tests/Application.Tests/CompanionTests.cs	285-310	343-368	exact
3102	src/World/Runtime/RuntimeState.cs	144-161	145-162	exact
3131	src/World/Runtime/Simulation.cs	116-144	116-144	exact
3178	src/World/Runtime/Simulation.cs	268-306	271-309	exact
3180	src/World/Runtime/Systems.cs	13-15	13-15	exact
3232	tests/Architecture.Tests/ArchitectureTests.cs	111-131	111-132	exact
3244	src/World/Runtime/Systems.cs	24-87	24-95	exact
3250	src/World/Runtime/Combat.cs	569-570	574-575	exact|ambiguous-name
3250	src/World/Runtime/Companions.cs	597-598	597-598	exact|ambiguous-name
3250	src/World/Runtime/Creatures.cs	893	924	exact
3254	src/World/Runtime/Companions.cs	570-581	570-581	exact|ambiguous-name
3255	src/World/Runtime/Systems.cs	82-86	90-94	exact
3259	src/World/Runtime/Companions.cs	132	132	exact|ambiguous-name
3259	src/World/Runtime/Companions.cs	519	519	exact|bare
3259	src/World/Runtime/Creatures.cs	762	781	exact
3259	src/World/Runtime/Social.cs	136	136	exact|ambiguous-name
3271	tests/Domain.Tests/DialogueRulesTests.cs	12	12	exact
3306	src/Application/GameSession.cs	88-99	148-159	exact
3327	src/World/Runtime/Simulation.cs	312-339	315-342	exact
3327	src/World/Runtime/Simulation.cs	367	373	exact|bare
3335	src/World/Runtime/Companions.cs	286-290	286-290	exact|ambiguous-name
3337	src/World/Runtime/Social.cs	294	294	exact|ambiguous-name
3439	tests/Architecture.Tests/ArchitectureTests.cs	162-183	163-184	exact
3444	src/World/Runtime/Creatures.cs	897	928	exact
3447	src/World/Runtime/Creatures.cs	173	174	exact
3449	src/Persistence/SaveLoader.cs	358	369	changed
3449	src/Persistence/BaselineTransitions.cs	112	112	exact
3458	src/World/Runtime/Items.cs	576	583	exact|ambiguous-name
3458	src/World/Runtime/Items.cs	600	607	exact|bare
3459	src/World/Runtime/Social.cs	90-91	90-91	exact|ambiguous-name
3469	src/World/Runtime/Companions.cs	286-290	286-290	exact|ambiguous-name
3470	src/World/Runtime/Companions.cs	263	263	exact|ambiguous-name
3470	src/World/Runtime/Creatures.cs	264	273	exact
3486	src/World/Runtime/Systems.cs	216	229	exact
3486	src/World/Runtime/Systems.cs	140	148	exact|bare
3486	src/World/Runtime/Systems.cs	160	173	exact|bare
3487	src/World/Runtime/Systems.cs	240-293	253-310	exact
3487	src/World/Runtime/Systems.cs	266-267	279-280	changed|bare
3487	src/World/Runtime/Systems.cs	288	305	exact|bare
3488	src/World/Runtime/Systems.cs	24-87	24-95	exact
3489	src/World/Runtime/Items.cs	558	563	changed|bare
3489	src/World/Runtime/Items.cs	576	583	exact|bare
3489	src/World/Runtime/Items.cs	600	607	exact|bare
3490	src/World/Runtime/Combat.cs	569-570	574-575	exact|bare
3490	src/World/Runtime/Combat.cs	523-545	528-550	exact|bare
3490	src/World/Runtime/Combat.cs	495-507	500-512	exact|bare
3491	src/World/Runtime/Creatures.cs	893	924	exact|bare
3491	src/World/Runtime/Creatures.cs	588	599	exact|bare
3491	src/World/Runtime/Creatures.cs	623	637	exact|bare
3491	src/World/Runtime/Creatures.cs	837	868	exact|bare
3491	src/World/Runtime/Creatures.cs	705-706	724-725	exact|bare
3491	src/World/Runtime/Creatures.cs	173	174	exact|bare
3492	src/World/Runtime/Companions.cs	135-141	135-141	exact|bare
3492	src/World/Runtime/Companions.cs	149-155	149-155	exact|bare
3492	src/World/Runtime/Companions.cs	372	372	exact|bare
3492	src/World/Runtime/Companions.cs	398	398	exact|bare
3492	src/World/Runtime/Companions.cs	567	567	exact|bare
3492	src/World/Runtime/Companions.cs	597-598	597-598	exact|bare
3495	src/World/Runtime/QuestDebugger.cs	392	419	exact
3496	tests/Domain.Tests/DialogueRulesTests.cs	12	12	exact
3497	src/Domain/Quests/Quests.cs	154-155	160-161	exact|ambiguous-name
3501	src/Persistence/SaveLoader.cs	206	207	exact
3504	src/Presentation/Player/PlayerController.cs	127	95	changed
3504	src/Presentation/Perf/PerfRun.cs	56	54	changed
3519	src/World/Runtime/Companions.cs	286-290	286-290	exact|ambiguous-name
3582	src/Persistence/Migrations.cs	701	703	exact
3598	src/Persistence/SectionCodec.cs	21-63	22-64	exact
3598	src/Persistence/SectionCodec.cs	75-90	76-91	exact|bare
3598	src/Persistence/SectionCodec.cs	203-218	204-243	exact|bare
3598	tests/Persistence.Tests/Fixtures/README.md	12-19	12-19	exact
3600	docs/DATA_MODEL.md	850	854	exact
3602	src/Persistence/SaveLoader.cs	469	483	exact
3602	src/Application/GameSession.cs	104-107	164-167	exact
3671	src/World/WorldDelta.cs	188-200	204-219	exact
3684	src/Application/StateDump.cs	32-33	33-34	exact
3712	src/Persistence/SaveLoader.cs	45-97	46-98	exact
3718	src/World/WorldDelta.cs	531-576	559-615	exact
3740	src/Persistence/SectionCodec.cs	21-63	22-64	exact
3748	src/Persistence/Migrations.cs	566	568	changed
3749	src/Persistence/Migrations.cs	701	703	exact
3751	src/Persistence/Migrations.cs	722	724	exact
3753	src/Persistence/Sections/SchemaV8.cs	46	47	changed
3811	src/Persistence/Migrations.cs	49-53	50-54	exact
3811	src/Persistence/Migrations.cs	69-81	70-82	changed
3811	src/Persistence/SaveModel.cs	20	20	changed
3826	src/Persistence/SaveLoader.cs	147-155	148-156	exact
3826	src/Persistence/SaveLoader.cs	410-430	424-444	exact|bare
3832	tests/Persistence.Tests/MigrationTests.cs	148	149	changed
3832	tests/Persistence.Tests/MigrationTests.cs	179	179	changed|bare
3832	tests/Persistence.Tests/MigrationTests.cs	197	198	changed|bare
3836	tests/World.Tests/WorldDeltaTests.cs	194	195	exact
3840	src/Persistence/SaveLoader.cs	143-146	144-144	changed
3841	src/Persistence/SaveLoader.cs	356-358	367-369	changed
3842	src/Persistence/BaselineTransitions.cs	112-117	112-118	exact
3843	src/World/WorldDelta.cs	520	545	changed
3847	src/Persistence/SaveLoader.cs	356-357	367-368	exact
3849	src/World/Runtime/Companions.cs	135-141	135-141	exact|ambiguous-name
3849	src/World/Runtime/Companions.cs	149-155	149-155	exact|bare
3849	src/World/Runtime/RuntimeState.cs	102	103	exact
3849	src/World/Runtime/Simulation.cs	342-351	345-354	exact
3884	src/Persistence/SaveLoader.cs	361-408	375-422	exact
3893	src/Persistence/BaselineTransitions.cs	94-117	94-118	exact
3909	src/World/WorldDelta.cs	587	626	changed
3915	src/World/Runtime/Simulation.cs	357-364	360-370	exact
3935	src/Application/StateDump.cs	93-94	150-151	exact
3935	src/Application/StateDump.cs	97-120	154-177	exact|bare
3937	src/Application/StateDump.cs	49-89	105-146	exact
3956	src/Persistence/SaveLoader.cs	158	159	exact
3983	src/Persistence/SaveLoader.cs	158-159	159-160	exact
4008	tests/M2.Probe/M2Fixtures.cs	109-110	110-111	exact
4009	tests/Persistence.Tests/MigrationTests.cs	751-757	789-795	exact
4019	tests/Persistence.Tests/HistoricalFixtureTests.cs	16	17	exact
4019	tests/M2.Probe/M2Fixtures.cs	252-253	260-261	exact
4019	tests/M2.Probe/M2Fixtures.cs	259-283	267-291	exact|bare
4019	tests/Persistence.Tests/MigrationTests.cs	735-745	773-783	exact
4076	tests/Persistence.Tests/MigrationTests.cs	270-278	271-279	exact
4076	tests/Persistence.Tests/MigrationTests.cs	348-356	385-393	exact|bare
4091	tests/Application.Tests/CompanionTests.cs	294-296	352-354	exact
4094	tests/Application.Tests/Harness.cs	24	24	exact|ambiguous-name
4104	src/Persistence/SaveStore.cs	296	451	exact
4135	docs/PERSISTENCE.md	72-90	72-90	exact|bare
4135	docs/PERSISTENCE.md	86	86	exact|bare
4135	docs/PERSISTENCE.md	366	369	exact|bare
4144	docs/DATA_MODEL.md	846-850	850-854	exact|bare
4232	src/Presentation/Main.cs	374-383	641-650	exact
4238	src/Presentation/Main.cs	1061-1104	1449-1493	exact
4257	src/Presentation/Main.cs	386	699	exact
4290	src/Presentation/Main.cs	571	860	exact
4337	src/Presentation/Main.cs	662	960	exact
4348	src/Presentation/Main.cs	662-670	960-968	exact
4348	src/Presentation/Main.cs	780-784	1068-1072	exact|bare
4366	src/Presentation/Player/PlayerController.cs	186-190	156-160	exact
4383	src/Presentation/Main.cs	582-583	870-870	changed
4397	src/Presentation/Main.cs	642-646	934-938	exact
4405	src/Application/GameSession.cs	162	312	exact
4410	src/Presentation/Perf/PerfRun.cs	56	54	changed
4420	src/Presentation/Main.cs	305	533	changed
4426	src/Presentation/Main.cs	778-779	1066-1067	exact
4443	src/Presentation/Ui/JournalPanel.cs	76-100	76-100	exact
4498	src/Presentation/Ui/HelpPanel.cs	14-40	14-43	exact
4498	src/Presentation/Ui/HelpPanel.cs	48	51	exact|bare
4524	src/Presentation/Main.cs	297-300	525-528	exact
4524	src/Presentation/Main.cs	342	600	changed|bare
4525	src/Presentation/Main.cs	567	856	exact
4596	src/Presentation/Art/art_bindings.json	25-31	21-25	changed
4598	src/Presentation/Art/ArtBindings.cs	29-30	48-49	exact
4606	src/Presentation/Greybox/HollowView.cs	219-257	327-393	exact
4608	src/Presentation/Greybox/HollowView.cs	18	18	exact
4608	src/Presentation/Greybox/HollowView.cs	374-381	635-642	exact|bare
4619	src/Presentation/Greybox/NpcsView.cs	44	50	exact
4621	src/Presentation/Audio/SoundEvents.cs	62-70	62-70	exact
4629	src/Presentation/Art/art_bindings.json	92-95	82-85	exact
4657	src/Presentation/Greybox/HollowView.cs	335	508	exact
4672	src/Presentation/Greybox/HollowView.cs	162-200	270-308	exact
4673	src/Presentation/Greybox/HollowView.cs	374-381	635-642	exact
4673	src/Presentation/Greybox/HollowView.cs	386-392	647-653	exact|bare
4680	src/Presentation/Greybox/HollowView.cs	253	389	exact
4686	src/Presentation/Greybox/HollowView.cs	331	503	exact
4697	src/Presentation/Greybox/HollowView.cs	135-160	231-268	exact
4739	content/dialogue/ashen_hollow/sel_arien.yaml	30	30	exact|bare
4739	content/dialogue/ashen_hollow/sel_arien.yaml	21	21	exact|bare
4739	content/dialogue/ashen_hollow/sel_arien.yaml	57	62	exact|bare
4829	tests/Application.Tests/NpcTests.cs	288	376	exact
4915	src/World/Runtime/Simulation.cs	139	139	exact
4921	tests/Persistence.Tests/MigrationTests.cs	78	78	changed
4921	tests/Persistence.Tests/MigrationTests.cs	398	435	changed|bare
4921	tests/Persistence.Tests/MigrationTests.cs	428	466	changed|bare
4921	tests/Persistence.Tests/HistoricalFixtureTests.cs	241	258	exact
4929	tests/Application.Tests/CompanionTests.cs	285	343	exact
4929	src/Persistence/SaveStore.cs	41	41	exact
4934	src/World/Runtime/Companions.cs	135-141	135-141	exact|ambiguous-name
4934	src/World/Runtime/Companions.cs	149-155	149-155	exact|bare
4935	src/World/WorldDelta.cs	520	545	changed
4936	src/World/Runtime/RuntimeState.cs	102	103	exact
4936	src/World/Runtime/Simulation.cs	342-351	345-354	exact
4947	docs/M6_STATUS.md	169	169	exact
4950	docs/M3_STATUS.md	88	88	exact
4990	docs/M6_STATUS.md	76	76	exact
4998	tests/Persistence.Tests/Fixtures/README.md	97-120	98-121	exact
5083	src/Application/GameSession.cs	88-99	148-159	exact
5088	src/Presentation/Main.cs	1045	1432	exact
5088	src/Presentation/Main.cs	88-91	134-140	exact|bare
5088	src/Presentation/Main.cs	103	141	changed|bare
5088	src/Presentation/Main.cs	305	533	changed|bare
5088	src/Presentation/Main.cs	342	600	changed|bare
5143	src/Persistence/Migrations.cs	566	568	changed
5143	src/Persistence/Migrations.cs	701	703	exact|bare
5143	src/Persistence/Migrations.cs	722	724	exact|bare
5145	src/Persistence/SaveModel.cs	20	20	changed
5150	src/Persistence/SaveLoader.cs	206	207	exact
5150	src/Persistence/BaselineTransitions.cs	31	31	exact
5215	src/Domain/Quests/Quests.cs	154-155	160-161	exact
5224	src/World/Runtime/Creatures.cs	705-706	724-725	exact
5224	src/World/Runtime/Systems.cs	288	305	exact
5228	tests/Domain.Tests/DialogueRulesTests.cs	12	12	exact
5234	src/Presentation/Playthrough.cs	614	662	exact
5295	src/World/Runtime/Systems.cs	266-267	279-280	changed
5296	src/World/Runtime/Companions.cs	570-581	570-581	exact|ambiguous-name
5318	tests/Application.Tests/CompanionTests.cs	119	119	exact
5318	tests/Application.Tests/CompanionTests.cs	87	87	exact|bare
5318	tests/Application.Tests/CompanionTests.cs	179	179	exact|bare
5360	src/World/Runtime/Combat.cs	569-570	574-575	exact|ambiguous-name
5360	src/World/Runtime/Companions.cs	597-598	597-598	exact|ambiguous-name
5360	src/World/Runtime/Creatures.cs	893	924	exact
5361	src/World/Runtime/Systems.cs	140	148	exact
5361	src/World/Runtime/Systems.cs	160	173	exact|bare
5361	src/World/Runtime/Systems.cs	216	229	exact|bare
5361	src/World/Runtime/Creatures.cs	588	599	exact
5361	src/World/Runtime/Creatures.cs	623	637	exact|bare
5361	src/World/Runtime/Creatures.cs	837	868	exact|bare
5361	src/World/Runtime/Companions.cs	372	372	exact|ambiguous-name
5361	src/World/Runtime/Companions.cs	398	398	exact|bare
5361	src/World/Runtime/Companions.cs	567	567	exact|bare
5361	src/World/Runtime/Creatures.cs	173	174	exact
5364	src/World/Runtime/Items.cs	576	583	exact|ambiguous-name
5364	src/World/Runtime/Items.cs	600	607	exact|bare
5568	src/World/Runtime/QuestDebugger.cs	392	419	exact
5569	src/World/Runtime/Combat.cs	523-545	528-550	exact|bare
5704	src/Presentation/Main.cs	305	533	changed
5704	src/Application/GameSession.cs	43	51	changed
5704	src/Presentation/Main.cs	930-934	1224-1253	changed
5731	docs/DATA_MODEL.md	123	123	exact|bare
5782	tests/Architecture.Tests/ArchitectureTests.cs	27	27	exact
6006	src/Domain/Quests/Quests.cs	146	152	exact
6320	tests/Application.Tests/CreatureTests.cs	526	767	exact
6348	tests/Domain.Tests/DialogueRulesTests.cs	12	12	exact
6437	src/Presentation/Playthrough.cs	38	40	exact
6445	src/Presentation/Main.cs	88	134	exact
6446	src/Presentation/Main.cs	321-323	565-567	exact
6452	src/Presentation/Main.cs	1045	1432	exact
6524	src/Presentation/Playthrough.cs	213	218	exact
6524	src/Presentation/Playthrough.cs	214	219	exact|bare
6532	src/Presentation/Playthrough.cs	534-573	582-621	exact
6535	src/Presentation/Playthrough.cs	614	662	exact
6543	content/dialogue/ashen_hollow/sel_arien.yaml	57-65	62-70	exact|ambiguous-name
6561	src/Application/StateDump.cs	49-89	105-146	exact
6598	docs/M6_STATUS.md	221	221	changed
6617	src/Application/GameSession.cs	183-191	333-341	exact
6619	src/Application/GameSession.cs	52	93	exact
6620	src/Application/GameSession.cs	194	343	changed
6620	src/Persistence/SaveStore.cs	41	41	exact
6630	docs/PERSISTENCE.md	533	546	exact
6630	docs/PERSISTENCE.md	599	622	exact|bare
6633	docs/M3_STATUS.md	61	61	exact
6634	src/Presentation/Perf/FrameStats.cs	151	168	exact
6635	dotnet.yml	14		unresolved-file
6639	tests/Application.Tests/CreatureTests.cs	526-542	767-783	exact
6640	docs/M6_STATUS.md	85	85	changed
6641	src/Presentation/Perf/FrameStats.cs	78	86	exact
6700	src/World/Runtime/Simulation.cs	326-327	329-330	exact
6754	src/Domain/Spatial/Kinematics.cs	183-198	187-202	exact
6769	src/World/Runtime/Systems.cs	48	48	exact
6797	src/Presentation/Perf/FrameStats.cs	119	136	exact
6820	src/Presentation/Greybox/HollowView.cs	357	538	exact
6822	src/Presentation/Perf/FrameStats.cs	67	75	exact
6828	docs/WAVE_0_MODULAR_ASSET_STANDARD.md	342	342	exact
6845	docs/PERSISTENCE.md	551	574	exact
6850	src/Persistence/SaveStore.cs	413	575	exact
6850	src/Persistence/SaveStore.cs	430	592	exact|bare
6889	src/Presentation/Main.cs	305	533	changed|bare
6889	src/Presentation/Main.cs	309	553	exact|bare
6898	src/Presentation/Perf/FrameStats.cs	78	86	exact
6900	tests/Architecture.Tests/ArchitectureTests.cs	163	164	exact
6907	tests/Application.Tests/CreatureTests.cs	539	780	exact
6930	tests/Application.Tests/CombatTests.cs	71	71	exact
6930	tests/Application.Tests/CreatureTests.cs	532	773	exact
6970	src/Persistence/SaveStore.cs	82	82	exact
6981	src/Presentation/Perf/PerfRun.cs	24-27	24-27	exact
7019	docs/M6_STATUS.md	76	76	exact
7086	tests/Application.Tests/CompanionTests.cs	119	119	exact
7086	tests/Application.Tests/CompanionTests.cs	87	87	exact|bare
7086	tests/Application.Tests/CompanionTests.cs	179	179	exact|bare
7086	tests/Application.Tests/CompanionTests.cs	285	343	exact|bare
7088	src/World/Runtime/Creatures.cs	588-594	599-605	exact
7096	src/Persistence/SaveLoader.cs	358	369	changed
7096	src/Persistence/BaselineTransitions.cs	112	112	exact
7098	src/World/Runtime/Items.cs	558	563	changed|ambiguous-name
7121	src/Presentation/Art/art_bindings.json	25-31	21-25	changed
7124	docs/M3_STATUS.md	4	4	changed
7124	docs/M6_STATUS.md	221	221	changed
7131	src/Domain/Spatial/Kinematics.cs	183-198	187-202	exact
7133	src/World/Runtime/Companions.cs	263	263	exact|ambiguous-name
7133	src/World/Runtime/Creatures.cs	264	273	exact
7133	src/World/Runtime/Companions.cs	286-290	286-290	exact|ambiguous-name
7134	docs/M6_STATUS.md	187	187	exact
7152	src/Presentation/Perf/PerfRun.cs	56	54	changed
7179	src/World/Runtime/Companions.cs	263	263	exact|ambiguous-name
7179	src/World/Runtime/Creatures.cs	264	273	exact
7179	src/World/Runtime/Companions.cs	286-290	286-290	exact|ambiguous-name
7350	docs/INDEX.md	89	89	exact|bare
7408	docs/M6_STATUS.md	187	187	exact
7432	docs/M6_STATUS.md	187	187	exact
